{"C:\\Users\\Intern\\new_env\\lidar_annotation_tool\\app\\static\\datasets\\5_drive_0018_sync": {}, "5_drive_0018_sync_0": {"file_names": ["0000000000", "0000000001", "0000000002", "0000000003", "0000000004"], "image_names": ["0000000000.png", "0000000001.png", "0000000002.png", "0000000003.png", "0000000004.png"], "camera_positions": [[0.0, 0.0, 0.0], [-0.00019211391918361187, 0.0005602441233349964, 0.0008818505884846672], [-0.0002448130398988724, 0.0014355343446368352, 0.0014260745228966698], [-0.0005136646796017885, 0.0021146545332157984, 0.0016444924112875015], [-0.0007892092689871788, 0.0028949039697181433, 0.0018488052155589685]], "look_ats": [[3.783904444472747e-18, -7.275957391144017e-11, 0.9999999999963619], [-0.00024115604613870553, 0.0006302145692766456, 1.0008818469343446], [-0.00027795558152301467, 0.001504610642680587, 1.001426071584272], [-0.0005434630089560541, 0.002158355713549021, 1.0016444910087794], [-0.0007988121383829249, 0.0029614747839969402, 1.0018488029499717]], "point_counts": [0, 116490, 232945, 349277, 465611, 581840], "velo_transforms": [[1.0, -2.0667601144423866e-17, 3.783904444472747e-18, 0.0, -7.171023486952711e-17, 1.0, 2.2303940918202277e-18, -7.275957614183426e-11, -3.644111526565019e-18, -1.9724280695437805e-18, 0.9999999999999999, -3.637978807091713e-12, 0.0, 0.0, 0.0, 1.0], [0.9999999957860319, 7.760673943371653e-05, -4.904212695509366e-05, -0.00019211391918361187, -7.76033078341119e-05, 0.9999999945409266, 6.997051870122529e-05, 0.0005602440505754203, 4.904755687118553e-05, -6.996671257509558e-05, 0.999999996349498, 0.0008818505848466884, 0.0, 0.0, 0.0, 1.0], [0.9999999970419277, 6.940977384919333e-05, -3.3142541624142314e-05, -0.0002448130398988724, -6.940748435530143e-05, 0.999999995205528, 6.907637080332797e-05, 0.001435534271877259, 3.3147336040518904e-05, -6.907407025855334e-05, 0.9999999970650133, 0.001426074519258691, 0.0, 0.0, 0.0, 1.0], [0.9999999948158452, 9.7367186553809e-05, -2.9798329354265576e-05, -0.0005136646796017885, -9.736588427982977e-05, 0.9999999943050426, 4.3701253092798733e-05, 0.0021146544604562223, 2.980258425262901e-05, -4.36983515255556e-05, 0.9999999986011299, 0.0016444924076495226, 0.0, 0.0, 0.0, 1.0], [0.9999999994380923, 3.211854026373869e-05, -9.602869395746047e-06, -0.0007892092689871788, -3.211790092261973e-05, 0.9999999972683788, 6.65708870383731e-05, 0.002894903896958567, 9.605007529233849e-06, -6.657057857695831e-05, 0.9999999977380508, 0.0018488052119209897, 0.0, 0.0, 0.0, 1.0]]}}